Pony,Pull Requests
wojtek-t,530
deads2k,497
gmarek,326
mikedanese,307
liggitt,255
sttts,236
Random-Liu,216
yujuhong,212
smarterclayton,204
kargakis,186
mwielgus,183
saad-ali,171
thockin,171
madhusudancs,169
ixdy,157
jessfraz,155
derekwaynecarr,151
justinsb,149
luxas,147
vishh,146
janetkuo,142
jsafrane,140
spxtr,137
zmerlynn,129
nikhiljindal,127
xilabao,126
lavalamp,120
roberthbailey,120
bprashanth,119
timstclair,113
piosz,110
k82cn,109
foxish,108
jszczepkowski,107
